{"cameraMode":{"drawMode":0,"name":"Shaded","section":"Shading Mode"},"sceneLighting":true,"audioPlay":false,"sceneViewState":{"m_AlwaysRefresh":false,"showFog":true,"showSkybox":true,"showFlares":true,"showImageEffects":true,"showParticleSystems":true,"showVisualEffectGraphs":true,"m_FxEnabled":true},"in2DMode":false,"pivot":{"x":-4.037044525146484,"y":4.968345642089844,"z":50.683467864990237},"rotation":{"x":-0.12594430148601533,"y":-0.005961223039776087,"z":0.0009784407448023558,"w":-0.9918340444564819},"size":96.7444839477539,"orthographic":false}